Customer_ID,Customer_Name,Gender,Age,Region,City,Signup_Date
CUST0001,Michelle Green,Male,19,East,Robertsborough,2024-01-10
CUST0002,Samantha Malone,Male,32,South,Lake Brittney,2024-05-24
CUST0003,Calvin Richard,Male,61,Central,Josephmouth,2023-08-01
CUST0004,Elizabeth Garcia,Male,55,West,Brennanland,2023-02-07
CUST0005,Christine Jackson,Male,19,North,Port Johnshire,2023-12-21
CUST0006,Emily Peters,Male,32,Central,Careybury,2023-12-28
CUST0007,Austin Bender,Male,53,South,West Scott,2023-06-27
CUST0008,Melissa Gonzalez,Female,32,West,Port Shari,2023-09-06
CUST0009,Jennifer Cervantes,Female,18,South,Tylerview,2023-03-16
CUST0010,Tammy Evans,Female,39,East,Cherryhaven,2023-08-21
CUST0011,Mark Wheeler,Male,31,East,South Aaronside,2024-06-22
CUST0012,Michael Ruiz,Male,23,West,Port Daniel,2023-11-19
CUST0013,Dawn Jenkins,Male,40,East,Singhshire,2023-10-21
CUST0014,Shawn Holt,Female,20,West,Mannview,2023-10-07
CUST0015,Aaron Salazar,Male,42,North,South Suzanne,2023-08-13
CUST0016,Tiffany Munoz,Female,58,Central,Lake Gordon,2023-11-05
CUST0017,Nancy Silva,Female,54,South,Port Dustinfort,2023-08-09
CUST0018,Amy Clark,Male,20,South,East Rebecca,2024-11-03
CUST0019,Jessica Hartman,Female,23,South,East Scottmouth,2024-01-12
CUST0020,Cody Buchanan,Male,42,East,New Teresafurt,2024-06-29
CUST0021,Rachel Ortega,Female,58,East,Joshuatown,2024-05-09
CUST0022,Amanda Ingram,Male,41,East,Charlesville,2024-08-12
CUST0023,Tyler Pierce,Male,60,East,Robertchester,2023-11-09
CUST0024,Taylor Hubbard,Male,56,South,Penningtonchester,2024-05-25
CUST0025,Beverly Graham,Male,28,West,Masonhaven,2024-08-30
CUST0026,Carol Moore,Female,35,Central,Loriburgh,2023-10-19
CUST0027,Tyler Gomez,Male,61,East,North Laura,2023-02-19
CUST0028,Kenneth Sexton,Male,32,North,West Troy,2024-07-29
CUST0029,George King,Female,43,East,Lake Lindabury,2023-12-07
CUST0030,Christian Scott,Male,31,Central,Lake Mary,2024-01-31
CUST0031,Julia Smith,Female,31,West,Shannonborough,2023-09-15
CUST0032,Julie Reeves,Female,59,West,North Kennethville,2024-07-25
CUST0033,Patrick Jackson,Male,34,South,Peterburgh,2023-12-13
CUST0034,Robin Sims,Male,65,Central,New Karen,2024-06-05
CUST0035,Brandi Owens,Female,65,Central,Byrdfort,2023-03-22
CUST0036,Bridget Rodriguez,Female,55,West,East Ambermouth,2024-09-16
CUST0037,Rhonda Miller,Female,32,South,Benderburgh,2024-04-02
CUST0038,Danielle Anderson,Female,23,North,South Rebeccafort,2023-10-09
CUST0039,Christopher Jones,Male,27,South,East Krystal,2024-11-28
CUST0040,Randall Johnson,Female,56,North,New Kimberly,2024-09-02
CUST0041,Darius Warner,Female,42,Central,Lake Margaret,2024-02-16
CUST0042,Megan Hall,Female,51,East,East Tylerborough,2023-08-16
CUST0043,Nicole Adams,Male,61,North,Sanchezfort,2024-02-17
CUST0044,John Fuller,Female,59,East,Williamsonview,2024-02-17
CUST0045,Brandon Ball,Male,36,West,East Joelfurt,2024-05-11
CUST0046,Wayne Dominguez,Male,47,North,Cooperton,2023-02-25
CUST0047,Nathaniel Cannon,Female,50,South,Benjaminton,2024-01-21
CUST0048,Donna Ford,Male,58,East,Sarahaven,2023-06-07
CUST0049,Jennifer Williams,Male,27,East,South Frederick,2023-05-05
CUST0050,Emily Jennings,Male,52,Central,Jameshaven,2024-11-12
CUST0051,Christopher Jimenez,Male,56,East,North Andrew,2023-01-01
CUST0052,Pamela Montgomery,Female,19,North,South Jared,2023-05-09
CUST0053,Angela Walton,Female,37,South,Paigeberg,2024-01-26
CUST0054,Tara Berry,Male,33,Central,Vasquezborough,2024-04-20
CUST0055,Troy Gilmore,Male,23,West,Brandonmouth,2023-04-26
CUST0056,Cynthia Fox,Male,52,South,Port Haley,2024-02-14
CUST0057,Mary Mills,Male,60,West,New Joshua,2024-04-25
CUST0058,Dominique West,Male,34,Central,Carolynville,2023-08-16
CUST0059,Sarah Bonilla,Female,31,Central,North Madisonshire,2024-05-02
CUST0060,Jeffrey Jenkins,Male,63,East,South Tammyland,2023-07-24
CUST0061,Joan Gilbert,Female,60,East,Robertmouth,2023-03-10
CUST0062,Stephanie Wilson,Female,51,West,Frederickbury,2024-04-12
CUST0063,Megan Lowery,Male,33,South,Lake Justinland,2023-07-02
CUST0064,Jack Flores,Male,39,North,Davidborough,2023-11-15
CUST0065,Jesse Anderson,Male,55,South,Ruthbury,2023-12-22
CUST0066,Christopher Hernandez,Male,22,North,South Caitlinberg,2023-05-17
CUST0067,Ryan Brown,Male,22,North,South Brian,2024-09-03
CUST0068,Rachael Price,Female,22,Central,Lake Thomas,2024-08-24
CUST0069,David Becker Jr.,Male,35,West,Lake Jennifermouth,2023-03-21
CUST0070,Eric Estrada,Male,52,South,Seanport,2023-03-31
CUST0071,Gregg Wilcox,Female,33,West,New Samuelmouth,2024-04-22
CUST0072,Madison Torres,Female,30,North,Port Robertburgh,2023-11-13
CUST0073,Robert Sanders,Male,60,West,Port Dale,2023-01-26
CUST0074,Leslie Nixon,Female,45,West,Christophertown,2024-10-12
CUST0075,Mary Rodriguez,Female,64,North,Dennisport,2024-04-12
CUST0076,Joel Branch,Male,21,West,Andersonmouth,2023-07-18
CUST0077,Whitney Wright,Female,24,South,Lake Amyfort,2024-11-24
CUST0078,Erin Caldwell,Male,30,Central,Michelleborough,2023-05-18
CUST0079,Jill Flores,Female,26,West,Brettton,2024-01-04
CUST0080,Brandon Clark,Male,35,West,New Jamie,2023-12-22
CUST0081,Tina Lewis,Male,22,West,Justinshire,2024-05-08
CUST0082,Jacob Mcdowell,Male,21,Central,North Veronicahaven,2023-06-26
CUST0083,Brandon Jennings,Male,23,South,Andersonview,2023-03-05
CUST0084,Matthew Dougherty,Male,44,West,Port Franciscomouth,2024-05-05
CUST0085,Mark Davis,Female,31,West,West Ryanbury,2023-12-14
CUST0086,Luis Campbell,Male,28,West,Lake Marcfurt,2023-04-24
CUST0087,John Williams,Male,42,East,New Joshua,2024-06-28
CUST0088,Jeff Allen,Female,36,West,Acostamouth,2023-09-12
CUST0089,Anna Carter,Female,27,South,Thompsonmouth,2024-08-03
CUST0090,Richard Spencer,Female,31,North,West Loritown,2024-06-24
CUST0091,Rodney Patterson,Male,65,East,Oliviabury,2023-01-16
CUST0092,Patricia Bennett,Male,21,Central,Lisaview,2024-10-08
CUST0093,Jamie Zamora,Female,50,Central,Josephside,2024-09-10
CUST0094,Amber Fox,Male,21,Central,East Mark,2024-09-16
CUST0095,Douglas Moore,Male,29,North,Ramirezburgh,2024-07-04
CUST0096,Emily Jones,Male,61,South,Kennethland,2024-07-21
CUST0097,Erin Kennedy,Female,25,Central,West Lisaborough,2024-06-06
CUST0098,Gail Nicholson,Male,55,Central,Lake Susanshire,2023-11-22
CUST0099,Matthew Jones,Male,57,North,Perryberg,2024-02-06
CUST0100,Willie Hudson,Female,60,Central,South Matthewtown,2024-08-12
CUST0101,Megan Roberts,Female,34,South,South Timothy,2024-04-17
CUST0102,Billy Carter,Female,33,East,East Jeremy,2024-07-23
CUST0103,Mary Mccarty,Female,26,East,Lake Samantha,2023-06-28
CUST0104,Darlene Ho,Female,38,North,Port Marvin,2024-02-24
CUST0105,Evan Elliott,Male,47,Central,North Charles,2023-07-01
CUST0106,Janet Wilson,Male,22,Central,Port Larry,2024-09-15
CUST0107,James Garcia,Male,50,East,New Jack,2024-04-08
CUST0108,Michael Underwood,Male,40,North,Lake Christopher,2023-10-24
CUST0109,Dale Mcdonald,Male,41,East,Port Matthew,2024-04-03
CUST0110,Joshua Randolph,Male,46,Central,West Kylechester,2024-09-15
CUST0111,Dennis Wagner,Female,57,Central,Patriciastad,2023-07-24
CUST0112,Melinda Stephenson,Male,60,Central,Millerview,2023-04-15
CUST0113,Mark Perez,Female,60,North,Chapmanburgh,2023-07-18
CUST0114,Scott Stevens,Male,34,North,Port Clayton,2024-07-09
CUST0115,Thomas Freeman,Male,65,Central,Ebonychester,2024-10-26
CUST0116,Cole Abbott,Male,35,East,Dorothyberg,2023-11-11
CUST0117,Gina Walsh,Male,63,East,Sharpton,2023-04-12
CUST0118,Danielle Olson,Male,61,East,East Tylerborough,2023-04-24
CUST0119,Laura Mitchell,Female,34,North,Port Davidburgh,2024-03-14
CUST0120,Ryan Richardson,Male,58,West,Lake Austinview,2024-08-23
CUST0121,Angela Maxwell,Female,20,North,Smithmouth,2024-01-12
CUST0122,Peggy Kirby,Female,26,East,Jessicachester,2023-10-17
CUST0123,Kristina Pena,Male,65,West,Lake Jennymouth,2024-03-30
CUST0124,Tammy Dawson,Female,53,North,Pennytown,2024-08-21
CUST0125,Daniel Browning,Male,22,South,Sharonmouth,2023-01-03
CUST0126,Jesus Spencer,Male,41,Central,South Cassidy,2023-12-21
CUST0127,James Daniels,Male,45,South,Wilkinstown,2024-03-08
CUST0128,Mary Johnson,Male,37,East,South Davidtown,2024-07-18
CUST0129,Billy Johnston,Male,40,South,Port John,2024-07-15
CUST0130,Ann Brady,Male,60,North,Lake Patricia,2023-01-26
CUST0131,Lisa James,Female,53,West,Melissaland,2024-03-07
CUST0132,Albert Johnson,Male,33,South,West Christine,2024-11-22
CUST0133,Cynthia Johnson,Male,44,North,West Courtney,2024-07-08
CUST0134,Luke Guerra,Male,65,East,North Amy,2024-04-04
CUST0135,Karen Rasmussen,Female,60,South,North Timothyport,2024-03-07
CUST0136,Shawn Salinas,Female,28,North,West Joshua,2023-11-06
CUST0137,Matthew Irwin,Female,20,West,Elizabethton,2023-10-22
CUST0138,Keith Eaton,Male,30,West,Spenceland,2023-03-17
CUST0139,Carla White,Female,37,South,Dawnville,2024-06-19
CUST0140,Joanne Blake,Male,19,South,Estesborough,2023-01-26
CUST0141,Amanda Sutton,Female,39,East,South Melinda,2024-07-22
CUST0142,Phillip Cunningham,Male,35,East,Port Wandamouth,2023-08-22
CUST0143,Elizabeth Kaufman,Female,61,Central,North Zacharystad,2024-01-24
CUST0144,Jacqueline Henderson,Female,19,North,South Robert,2023-06-13
CUST0145,Todd Mclean,Female,29,Central,Cookefort,2024-02-15
CUST0146,Troy Wade,Female,20,North,Carterburgh,2023-01-09
CUST0147,Omar Walker,Female,40,East,Lake Williamborough,2024-01-21
CUST0148,Sonya Parker,Female,56,Central,West Alicia,2023-02-24
CUST0149,John Willis,Male,42,Central,North Regina,2023-10-27
CUST0150,Steven Mccoy,Male,34,North,West Stephenburgh,2024-06-28
CUST0151,Michael Garcia,Female,18,Central,Coltontown,2023-01-10
CUST0152,Leah Kennedy,Male,41,West,Whitefurt,2024-08-12
CUST0153,Erik Johnson,Male,60,East,Carrieburgh,2023-09-20
CUST0154,Gary Wade,Female,60,North,Chambersmouth,2024-02-24
CUST0155,Riley Jenkins,Female,50,East,Lake Alexandramouth,2023-04-12
CUST0156,Megan Richardson,Female,38,West,Lake Randallborough,2023-05-16
CUST0157,Daniel Martin,Female,53,South,Lake Stacy,2024-10-23
CUST0158,Alexander Young,Male,44,West,West Michelle,2023-01-14
CUST0159,Steven Willis,Male,57,Central,New Elizabethland,2023-04-28
CUST0160,Courtney Nichols,Female,43,Central,Brendabury,2024-08-30
CUST0161,Arthur Leonard,Male,37,East,Millerville,2023-03-12
CUST0162,Mathew Reyes,Male,45,Central,Seanton,2023-06-28
CUST0163,Christine Davis,Female,47,West,West Vanessa,2024-01-16
CUST0164,James Nelson,Female,61,South,North Marcusmouth,2023-06-07
CUST0165,Cory Smith,Female,65,South,Port Peter,2024-04-19
CUST0166,Elizabeth Graham,Male,36,Central,North Jenniferborough,2023-12-14
CUST0167,Michelle Klein,Female,23,South,Arthurland,2024-10-30
CUST0168,Dylan Barnett MD,Female,32,South,Port Mariafort,2024-01-05
CUST0169,Sean Sosa,Male,19,North,New Steven,2023-10-06
CUST0170,David Mcmillan,Male,48,Central,North Shelia,2023-10-15
CUST0171,Lindsey White,Male,47,West,West Rickytown,2023-05-14
CUST0172,Juan Moore,Male,63,West,Joelton,2023-07-24
CUST0173,Curtis Nielsen,Female,43,South,New Jennifer,2023-06-18
CUST0174,Marc Mullins,Male,59,North,Lake Gregoryborough,2024-06-06
CUST0175,Tammy Taylor,Male,45,South,Edwardfurt,2023-10-25
CUST0176,Michael Wong,Male,62,Central,West Ashleystad,2024-06-08
CUST0177,Theodore Bowman MD,Female,21,Central,Gonzalesburgh,2023-04-09
CUST0178,Mike Miller,Male,25,West,Lake Leah,2024-03-26
CUST0179,Sarah Booth,Male,47,Central,Lake Megan,2024-11-03
CUST0180,Cheryl Murphy,Female,46,Central,Dorothyhaven,2023-01-02
CUST0181,Katelyn Martinez,Female,53,West,East Timothy,2024-02-21
CUST0182,Eric Jones,Male,65,West,East Mariaport,2024-01-15
CUST0183,Courtney Benton,Female,34,South,Davisbury,2023-01-22
CUST0184,Justin Mayo MD,Female,51,West,Whitemouth,2023-06-26
CUST0185,Christopher George,Male,35,West,Jamiemouth,2024-06-14
CUST0186,Pamela Lee,Male,63,East,West Danielhaven,2023-06-01
CUST0187,Alex Thompson,Male,35,East,South Steven,2023-01-06
CUST0188,Aaron Gillespie,Female,52,North,East Markchester,2023-12-16
CUST0189,Christina Perry,Male,27,South,Brettbury,2023-02-25
CUST0190,Vincent Porter,Female,62,South,Martinezview,2023-10-21
CUST0191,Allison Mitchell,Male,22,West,Richardsonside,2023-07-21
CUST0192,Stephen Webb,Female,39,Central,Ginaport,2023-11-10
CUST0193,Christopher Martin,Female,44,North,Carolynport,2024-01-17
CUST0194,Tracy Booth,Male,44,West,Lake Rachael,2023-12-09
CUST0195,Sarah Adkins,Male,54,West,Lutzshire,2023-01-18
CUST0196,Alexandra Cook,Female,18,East,Nathanstad,2024-10-14
CUST0197,Joel Miller,Female,42,West,New Michaelhaven,2024-04-10
CUST0198,Jason Johnson,Male,49,South,Shannonborough,2024-07-02
CUST0199,Craig Randall,Female,45,West,South Josefurt,2024-11-03
CUST0200,Peter Robinson,Male,42,East,Cynthiachester,2024-06-19
CUST0201,Shane Gonzalez,Female,64,South,Lake Dianetown,2024-05-04
CUST0202,Joshua Moore,Female,26,Central,Christystad,2023-07-30
CUST0203,Thomas Howard,Male,43,Central,New Brittany,2024-11-16
CUST0204,Shannon Hinton,Male,23,West,New Ricardostad,2023-05-29
CUST0205,Timothy Pruitt,Male,47,South,East Jennifer,2023-06-11
CUST0206,Benjamin Graham,Male,34,West,Michellehaven,2024-03-30
CUST0207,Nicholas Johnson,Female,31,West,Robersonbury,2023-04-13
CUST0208,Jacqueline Gross,Female,39,West,Lowehaven,2023-07-31
CUST0209,James Thompson,Female,44,East,North Meghanberg,2023-12-18
CUST0210,Rebecca Cooper,Male,48,North,Thomaschester,2024-08-27
CUST0211,Christopher Thomas,Male,40,South,Wilsonport,2024-08-19
CUST0212,Patricia Powers,Male,59,North,Lake Joseph,2024-01-17
CUST0213,Charles Johnson,Male,33,South,Shafferbury,2024-04-28
CUST0214,Jacob Mcgee,Male,57,South,West Olivia,2024-06-04
CUST0215,Courtney Rogers,Male,26,West,New Jessica,2024-06-16
CUST0216,Brenda Thomas,Male,54,South,Angelatown,2023-09-29
CUST0217,Christopher Chavez,Female,62,East,Kirkland,2023-11-21
CUST0218,Robert Johnson,Female,28,Central,Gonzalezburgh,2023-12-07
CUST0219,Christopher Strong Jr.,Male,28,East,Vincentside,2024-07-26
CUST0220,Michael Yoder,Male,55,North,North Kimberlymouth,2024-10-12
CUST0221,Rachel Arnold,Female,54,West,South Danielberg,2024-09-15
CUST0222,April Green,Female,63,South,Smithhaven,2023-08-01
CUST0223,Joshua Lee,Male,55,South,Luceroland,2024-08-18
CUST0224,Deborah Nixon,Male,62,East,Joseburgh,2024-09-30
CUST0225,Derek Hall,Male,54,North,North Lorimouth,2024-09-03
CUST0226,Amy Johnson,Female,52,West,Port James,2023-05-11
CUST0227,Holly Moore PhD,Female,22,Central,West Karlstad,2023-08-31
CUST0228,Brian Sullivan,Female,18,West,Lake Mary,2024-11-05
CUST0229,Kelly Willis,Female,24,West,Reeveschester,2023-01-04
CUST0230,Christian Fitzpatrick,Female,58,West,Bellburgh,2023-01-23
CUST0231,Marissa Hogan,Male,45,South,West Ronaldtown,2023-05-08
CUST0232,Katrina Costa,Female,57,Central,Ashleeview,2023-12-09
CUST0233,Justin Brown,Female,47,West,Port Benjamin,2024-10-06
CUST0234,Carla Evans,Female,38,South,South Paula,2024-10-26
CUST0235,David Fisher,Male,35,West,Millerland,2023-03-14
CUST0236,Kevin Jimenez,Male,47,Central,Port Bethany,2023-06-29
CUST0237,John Bell,Female,39,North,Davidland,2024-05-27
CUST0238,Zachary George,Female,38,South,West Christopher,2023-10-28
CUST0239,Amanda Ferguson,Female,31,East,Daniellebury,2023-08-05
CUST0240,Jennifer Murphy,Female,39,East,Williamborough,2023-08-07
CUST0241,John Spencer,Female,53,North,Livingstonport,2023-11-09
CUST0242,Alyssa Hammond,Male,23,South,New Ryan,2024-04-04
CUST0243,Justin Smith,Female,49,Central,North Tomchester,2023-10-20
CUST0244,Marcus Clark,Male,62,West,North Jamesshire,2023-04-27
CUST0245,Kimberly Pittman,Female,46,North,Zoehaven,2023-06-30
CUST0246,Amy Olsen,Male,36,South,East Danielshire,2024-04-13
CUST0247,Angela White,Female,62,South,Amyview,2024-10-06
CUST0248,Samantha Powell,Female,60,Central,Port Robertfort,2024-05-30
CUST0249,Joshua Mason,Female,48,Central,East Jamesside,2024-11-19
CUST0250,Karen Leon,Female,45,Central,South Dale,2023-02-27
CUST0251,Jonathan Elliott,Female,40,West,Lake Leahville,2023-02-03
CUST0252,Melissa Roy,Female,37,East,Lake Ethan,2024-02-13
CUST0253,Joseph Brewer,Male,25,South,West Allenland,2023-04-23
CUST0254,David Burns,Female,25,Central,Parkmouth,2024-06-15
CUST0255,Ryan Fox,Male,30,South,Colliershire,2024-10-05
CUST0256,Kristen Mills,Female,35,Central,Dixonmouth,2024-02-12
CUST0257,Darren Lane,Female,24,South,Romanmouth,2024-11-09
CUST0258,Michael Kaiser,Female,32,East,Karenfurt,2024-06-20
CUST0259,Kenneth Sanchez,Male,37,North,Brownbury,2023-02-23
CUST0260,Jennifer Bender,Male,35,North,Juanview,2024-02-23
CUST0261,Leslie Myers,Male,53,East,North Amyfort,2023-03-30
CUST0262,Julie Brewer,Male,58,West,Thompsonmouth,2024-07-23
CUST0263,Mr. Eric Hart,Male,18,Central,Duranhaven,2023-09-02
CUST0264,Jacqueline Harmon,Female,48,West,North James,2024-04-05
CUST0265,Samantha Larson,Female,39,South,Schmittside,2023-08-22
CUST0266,Amy Russo,Male,34,West,Dunnhaven,2024-05-19
CUST0267,Mary Romero,Male,22,West,South Sydneyborough,2023-02-28
CUST0268,Diana Vazquez,Female,22,Central,Port Erinberg,2023-01-21
CUST0269,James Pena,Male,27,South,West Donaldburgh,2024-07-15
CUST0270,Jesus Hicks,Female,23,South,Adamview,2024-01-03
CUST0271,Kenneth Tate,Male,53,West,Kevinland,2024-09-29
CUST0272,Diana Duncan,Male,51,West,North Michael,2024-07-15
CUST0273,Kristina Perkins,Female,46,East,Catherinefort,2024-01-10
CUST0274,Mr. William Collins,Female,37,Central,Lake Tanya,2023-09-28
CUST0275,Bryan Haas,Male,57,North,Michaelview,2024-06-02
CUST0276,Stephanie Saunders,Male,58,South,Lisahaven,2023-11-01
CUST0277,Jamie Rodriguez,Female,60,North,Washingtonshire,2023-07-07
CUST0278,Matthew Fernandez,Male,33,South,West Larry,2024-05-20
CUST0279,Scott Miller,Male,28,North,Samuelmouth,2023-05-03
CUST0280,Carol Rice,Female,46,Central,Cruzberg,2023-03-20
CUST0281,Christina Watson,Female,36,North,Port Kristina,2023-09-24
CUST0282,Richard Knox,Male,36,East,Lake Darius,2023-11-05
CUST0283,Robert Johnson,Female,22,South,Port Alex,2024-04-22
CUST0284,Ariana Key,Female,58,Central,East Kimberly,2023-12-29
CUST0285,Elizabeth Nelson,Male,45,North,Andrewtown,2024-03-21
CUST0286,Jennifer Vaughn,Male,59,South,Lake Stevenview,2024-09-21
CUST0287,Ashley Arnold,Female,27,North,North Vanessa,2023-09-21
CUST0288,Cameron Stephens,Male,28,East,North Johnny,2024-03-22
CUST0289,Sierra Peters,Female,46,North,Port Sarah,2024-11-19
CUST0290,Eileen Cunningham,Female,62,East,Benjaminfurt,2023-10-16
CUST0291,Olivia Huang,Female,35,Central,Tammyhaven,2023-12-07
CUST0292,Robert Chambers,Female,46,North,Port Gregory,2024-05-25
CUST0293,Robert Charles,Male,45,East,Ramosside,2024-02-01
CUST0294,Sharon Garcia,Female,19,North,Beverlyside,2023-04-26
CUST0295,Abigail Smith,Male,61,Central,Tracyton,2023-07-05
CUST0296,Randy Lane,Male,61,East,South Michaelstad,2023-12-13
CUST0297,Cheryl Thompson,Male,29,West,Smithchester,2024-01-05
CUST0298,Gregory Nash,Female,35,South,South Melissabury,2024-10-21
CUST0299,Darrell Robinson,Female,58,West,Alexisport,2024-03-03
CUST0300,Brett Ortiz,Male,48,East,Gabrielfort,2024-10-18
CUST0301,Alexis Williams,Female,39,East,Lake Crystalland,2023-08-28
CUST0302,Kirsten Peters,Male,28,East,West Jeremyfurt,2023-01-09
CUST0303,Michele Love,Female,62,West,Wilkersonview,2023-02-27
CUST0304,Keith Murphy,Female,60,West,West Carolynport,2024-05-29
CUST0305,Matthew Jordan,Male,47,North,Lake Robertmouth,2023-06-20
CUST0306,David Flowers,Female,34,East,Stewartshire,2023-12-22
CUST0307,Lisa Foster,Male,43,Central,East Scott,2023-12-14
CUST0308,Lauren Smith,Male,60,Central,Amandachester,2023-05-08
CUST0309,David Decker,Female,44,North,New Christopherburgh,2024-07-21
CUST0310,Megan Avila,Male,51,East,Lake Timothytown,2023-06-15
CUST0311,Danielle King,Female,58,West,Lake Seanchester,2023-10-11
CUST0312,Michelle Morgan,Male,31,East,Justinstad,2023-09-04
CUST0313,Anthony Jones,Male,36,West,Ashleyberg,2023-09-17
CUST0314,Walter Simmons,Female,25,North,Gomezside,2024-04-16
CUST0315,Darryl Williams,Male,63,South,Victorfurt,2023-12-17
CUST0316,Deborah Palmer,Female,53,North,Guzmanbury,2023-09-23
CUST0317,Brian Vasquez,Female,23,South,Rogerview,2024-05-04
CUST0318,Beth Morales,Male,47,North,Port Jenniferbury,2024-03-09
CUST0319,Dwayne Allen,Male,49,East,Gomezmouth,2023-09-30
CUST0320,William Johnson,Female,44,West,Martinshire,2024-01-07
CUST0321,Shelly Martinez,Female,33,West,Mitchellville,2023-11-27
CUST0322,Tony Richmond,Male,42,South,Lake Dale,2024-05-20
CUST0323,Stephanie Scott,Male,22,East,South Ashleychester,2023-09-12
CUST0324,Michele Pierce,Female,39,Central,Lesliemouth,2024-03-17
CUST0325,Stacy Franklin,Female,18,East,Andersonport,2024-03-08
CUST0326,Beth Bailey,Female,55,Central,Valdezberg,2024-04-12
CUST0327,Randy Brown,Female,27,West,East Leetown,2024-06-25
CUST0328,Laura Williams,Female,40,East,Caitlinland,2023-01-23
CUST0329,Tony Rhodes,Female,47,East,Morganton,2023-12-29
CUST0330,Kathleen Williams,Male,62,South,Angelmouth,2023-08-18
CUST0331,Scott Robles,Female,32,West,Lake Ashley,2023-07-13
CUST0332,Brooke Sullivan,Male,38,West,Susanbury,2023-09-15
CUST0333,Rebecca Davis,Female,42,South,Joyceport,2023-10-09
CUST0334,Troy Norris,Female,20,South,Jamesburgh,2024-02-26
CUST0335,Nicholas Hernandez,Female,24,West,Aaronburgh,2024-06-26
CUST0336,Dawn Washington,Male,51,West,Arellanoburgh,2024-02-17
CUST0337,Erin Simpson,Male,64,South,West Sarahborough,2023-04-07
CUST0338,Gregory Cain,Female,59,South,South Jenniferfurt,2023-10-23
CUST0339,Peter Allison,Male,48,East,South Alejandra,2023-02-14
CUST0340,Edward Preston,Female,57,West,Wrightton,2023-05-05
CUST0341,Angela Ramirez,Male,39,Central,New David,2023-06-11
CUST0342,Samantha Larsen,Female,38,West,Lake Eric,2024-05-03
CUST0343,Roberto Vargas,Male,57,North,South Amber,2024-08-20
CUST0344,Kevin Oconnor,Male,58,East,North Heather,2023-07-04
CUST0345,Mallory Sherman,Male,65,North,Grahamburgh,2024-09-06
CUST0346,Sarah Cole,Female,24,North,South Donaldland,2024-02-25
CUST0347,Chelsea Anderson,Female,28,East,Robinsonview,2023-08-22
CUST0348,Cindy Manning,Male,20,East,Michaelville,2023-08-13
CUST0349,Reginald Cooper,Male,36,East,Lake Samanthaport,2023-09-04
CUST0350,Tammy Howard,Female,45,South,Lake Michael,2024-04-17
CUST0351,Dylan Morgan,Male,51,West,Samanthaton,2023-07-29
CUST0352,Carlos Perez,Male,28,South,East Stephanieton,2023-02-20
CUST0353,Matthew Hernandez,Male,57,West,Blakemouth,2024-04-08
CUST0354,Maria Estrada,Male,49,Central,Lake Michaelfort,2023-08-22
CUST0355,Steve Castillo,Male,32,West,West Tanyaberg,2023-09-05
CUST0356,Holly Chavez,Female,47,East,Kevinland,2023-06-01
CUST0357,Kyle Williams,Male,47,East,South Olivia,2024-01-16
CUST0358,Amber Stone,Male,22,West,South Amy,2024-04-23
CUST0359,Kelli Roberts,Female,55,East,Lopezport,2023-06-14
CUST0360,Melissa Howard,Female,62,East,East James,2023-01-16
CUST0361,Amanda Romero,Female,37,South,East Williammouth,2023-10-01
CUST0362,Christopher Clark,Female,48,North,Johnview,2024-01-23
CUST0363,Ronald Sandoval,Male,42,Central,Nelsonburgh,2023-08-25
CUST0364,Christopher Hall,Female,54,East,Allenmouth,2024-10-02
CUST0365,Kelly Perez,Female,19,West,Lake Melissachester,2023-02-21
CUST0366,Paul Allen,Female,18,Central,Wrightville,2024-04-12
CUST0367,Judith Good,Male,56,West,Brightberg,2024-07-17
CUST0368,Susan Mcguire,Female,32,Central,Savannahhaven,2024-10-24
CUST0369,Daniel Wise,Female,32,South,Lake Ann,2023-08-07
CUST0370,Ralph Cochran,Female,61,South,Lake Nicole,2024-05-07
CUST0371,Mrs. Haley Carter,Male,58,North,Port Michael,2023-01-17
CUST0372,Steven Medina,Female,46,North,Lisaside,2023-10-17
CUST0373,Juan Gregory,Female,64,South,Mckenzieshire,2023-06-20
CUST0374,Aaron Collins,Male,36,East,Angelamouth,2024-03-26
CUST0375,Brandi Reynolds,Female,29,South,Shafferside,2024-01-19
CUST0376,Judith Terrell,Male,52,East,Amandaland,2024-07-25
CUST0377,Michael Cummings PhD,Female,28,East,Lake Curtis,2023-09-15
CUST0378,Colin Everett,Female,36,East,East Wendyton,2024-07-31
CUST0379,Mr. Gregory Gross,Male,47,North,Port Courtneyview,2024-02-14
CUST0380,Brianna Jimenez,Male,32,West,Kimton,2024-02-10
CUST0381,David Andrews,Female,23,West,New Emilyfort,2023-12-11
CUST0382,Jennifer Watts,Male,34,Central,Evansland,2024-04-29
CUST0383,Nathan Kelly,Male,47,East,Morrismouth,2023-01-18
CUST0384,Mr. Thomas Marsh,Female,55,West,Mejiaburgh,2023-02-07
CUST0385,Samantha Smith,Female,24,South,Port Ashleystad,2024-01-01
CUST0386,Joshua Walker,Female,19,Central,Daughertymouth,2023-05-28
CUST0387,Michael Swanson,Female,57,South,Andersonburgh,2023-04-04
CUST0388,Edwin Gonzalez,Male,58,West,Kimside,2024-03-12
CUST0389,Sheryl Murray,Female,59,West,Port Jamesburgh,2024-11-16
CUST0390,Sandra Meadows,Male,26,North,Smithburgh,2023-05-14
CUST0391,Diana Jenkins,Male,37,West,Simpsonmouth,2023-08-30
CUST0392,Emily Clark,Male,24,South,Simmonsfort,2024-01-08
CUST0393,Edwin Gonzalez,Male,42,West,Lynchborough,2024-10-04
CUST0394,Sydney Reed,Female,60,Central,New Melissa,2024-06-12
CUST0395,Natalie Rodriguez,Female,55,South,Davidfort,2024-08-10
CUST0396,Sonia Lewis,Female,59,North,Huntport,2023-09-25
CUST0397,Franklin Nunez,Female,57,West,Laurastad,2023-04-05
CUST0398,Christine Pitts,Female,20,East,Norristown,2024-05-10
CUST0399,Stacey Richardson,Male,46,West,Joelside,2023-06-12
CUST0400,Angela Kim,Male,41,North,Port Michael,2024-03-14
CUST0401,Kristi Burke,Female,52,East,South Natasha,2023-05-29
CUST0402,Justin Johnson,Male,43,East,Justinstad,2024-09-17
CUST0403,Karen Johnson,Male,25,West,West Shannonburgh,2023-06-18
CUST0404,Michael Roberts,Male,60,South,Lake Markfort,2024-10-01
CUST0405,Mr. Julian Moran DDS,Male,21,East,Rileyton,2024-11-13
CUST0406,Brian Irwin,Male,26,Central,Carpenterville,2023-08-23
CUST0407,Norma Turner,Male,22,Central,West Mindyport,2023-03-21
CUST0408,James Nelson,Male,55,South,East Meganside,2024-05-22
CUST0409,Maria Baker DVM,Male,39,South,Andreabury,2024-01-07
CUST0410,Lisa Jensen,Male,35,South,Jacquelineport,2024-09-02
CUST0411,Rose Smith,Male,52,East,Port Derekchester,2023-04-24
CUST0412,Austin Harrison,Male,25,North,South Ralph,2024-02-03
CUST0413,Douglas Gordon,Male,18,East,Brentfurt,2024-11-28
CUST0414,Maria Mason,Male,55,East,Penaburgh,2023-05-29
CUST0415,Melissa Sanchez,Male,29,East,Millershire,2023-01-26
CUST0416,Mrs. Christina Kim DDS,Male,26,West,West Kimville,2023-02-13
CUST0417,Jared Sullivan,Male,65,North,Port Michael,2023-01-25
CUST0418,Craig Barnes,Female,46,East,Butlerfurt,2024-01-31
CUST0419,Christopher Ortega,Male,46,Central,Wellschester,2023-06-12
CUST0420,Chelsea Lee,Male,57,North,Jonesside,2024-07-14
CUST0421,Amy Stevenson,Female,47,North,Port Valerieview,2023-09-18
CUST0422,Amanda Wells,Male,48,West,Andrewport,2024-03-17
CUST0423,Sarah Simpson,Female,61,North,Lindastad,2023-05-19
CUST0424,Jason Diaz,Female,63,West,Bradleymouth,2023-07-02
CUST0425,Christopher Ball,Male,23,East,East Jason,2024-09-03
CUST0426,Renee Bush,Male,22,South,Port Laurie,2024-05-19
CUST0427,Jacob Haynes,Female,57,Central,North Bryanfort,2023-05-26
CUST0428,Amy Smith,Female,42,Central,East Tiffanymouth,2023-08-23
CUST0429,Erin Lamb,Female,47,Central,South Dennishaven,2024-01-28
CUST0430,Melissa Young,Female,24,North,South Roberthaven,2023-07-31
CUST0431,Chris Estrada,Male,45,West,Tinamouth,2023-05-23
CUST0432,Amy Lutz,Male,44,East,Lake Phyllis,2024-08-24
CUST0433,Christopher Ramos,Female,43,West,New Tracyfurt,2024-11-22
CUST0434,Michael Bailey,Male,38,West,Loribury,2024-09-15
CUST0435,William Reed,Female,60,East,Johnsonborough,2024-02-18
CUST0436,Stephanie Spence,Female,27,West,Davidfort,2023-08-28
CUST0437,Joe Arias,Male,23,North,Wendyberg,2023-04-04
CUST0438,Alan Mullins,Male,45,North,Lake Cassandrahaven,2024-10-25
CUST0439,David Matthews,Female,26,Central,Feliciafort,2023-05-14
CUST0440,Taylor Levine,Male,55,Central,Jasonport,2024-10-28
CUST0441,Taylor Smith,Female,60,North,North Jeffrey,2023-07-29
CUST0442,Carla Pierce,Female,40,West,West Dwayne,2023-05-25
CUST0443,Lisa Everett,Male,36,Central,Webertown,2024-02-11
CUST0444,James Nguyen,Female,40,North,East Heather,2023-04-12
CUST0445,Daniel Richard,Male,27,West,Lake Jesse,2024-09-09
CUST0446,Laura Walton,Male,24,East,West Adam,2023-05-23
CUST0447,Kathryn Martin,Female,25,East,Lake Christianshire,2024-06-02
CUST0448,Todd Berger,Male,45,Central,South Jamesville,2024-03-12
CUST0449,Christopher Burton,Male,56,East,Amyhaven,2024-09-19
CUST0450,Tammy Johnson,Male,29,East,Castrostad,2023-04-14
CUST0451,Sarah Thomas,Female,39,East,Tapiaburgh,2024-07-07
CUST0452,Jonathan Smith,Male,29,South,Christinaberg,2023-05-24
CUST0453,Matthew Ford,Female,22,South,West Danielbury,2023-02-06
CUST0454,Christine Molina,Male,23,Central,Mooreburgh,2023-04-30
CUST0455,Jessica Weaver,Male,42,West,Abbottton,2024-09-27
CUST0456,Mallory Rogers,Female,39,South,South Kimberlyland,2023-03-19
CUST0457,Stacy Thompson,Female,37,East,Craigmouth,2024-03-19
CUST0458,Steven Quinn,Male,21,South,West Heidiview,2024-02-26
CUST0459,Joshua Mills,Male,57,North,Petersonfurt,2024-07-23
CUST0460,Tina Lee,Male,35,West,Catherineborough,2023-04-18
CUST0461,Jessica Torres,Female,49,Central,Matthewhaven,2024-01-11
CUST0462,James Harris,Female,44,East,Lynchside,2023-12-17
CUST0463,Kimberly Adams,Male,50,North,Chelseastad,2024-08-14
CUST0464,Christopher Nelson,Female,45,North,Ashleyville,2024-05-16
CUST0465,Joanna Kim,Female,61,Central,Jeffton,2023-02-15
CUST0466,Tina Doyle,Female,51,East,Port Henryville,2024-09-07
CUST0467,Jordan Decker,Male,32,West,Isaiahport,2023-04-04
CUST0468,Rose Porter,Male,18,South,Kellyside,2024-09-23
CUST0469,Mary Sosa,Female,31,South,Lopezhaven,2023-12-30
CUST0470,James Hill,Female,36,East,East Joanna,2023-09-09
CUST0471,Trevor Conner,Male,18,West,Campbellview,2023-10-29
CUST0472,Kerry Lewis,Female,29,South,Adamshire,2023-02-14
CUST0473,Thomas Mccall,Female,52,South,Reynoldston,2024-01-12
CUST0474,Derek Figueroa,Female,22,West,Brownside,2023-07-02
CUST0475,Lisa Morgan,Male,45,North,East Joshuaton,2024-11-15
CUST0476,Michael Potter,Female,22,East,New Theodoreborough,2023-09-01
CUST0477,Thomas Pennington,Female,54,West,South Andrewtown,2024-03-21
CUST0478,David Coffey,Female,36,North,Obrientown,2024-01-08
CUST0479,Casey Jordan,Female,19,East,North Timothy,2023-11-23
CUST0480,James Davidson,Male,57,West,South Timothymouth,2023-05-23
CUST0481,Lori Stanley,Female,23,West,North Sherylview,2024-05-11
CUST0482,Casey Durham,Male,33,West,New Tracey,2023-05-15
CUST0483,Laura Jackson,Female,51,North,North Kariberg,2023-07-30
CUST0484,Laura Moreno,Female,37,East,North Robertmouth,2024-05-12
CUST0485,Jennifer Watson,Male,39,South,South Michelle,2023-05-08
CUST0486,Fred Campos,Male,50,North,Thompsonfurt,2024-02-15
CUST0487,Stephanie Lang,Male,40,East,South John,2023-12-10
CUST0488,Donald Johnson,Male,33,North,West Melaniehaven,2024-04-07
CUST0489,Kyle Turner,Male,34,South,Cooperberg,2024-05-14
CUST0490,Samuel Hopkins,Male,56,South,Lake Katherine,2024-02-08
CUST0491,Lance Leach,Male,29,West,East Leslie,2024-08-15
CUST0492,Brittany Jones,Female,54,Central,Brownfurt,2024-11-16
CUST0493,Steven Moody,Female,61,Central,Stewarttown,2023-12-23
CUST0494,Richard Fowler,Female,58,East,New Tinafurt,2024-06-20
CUST0495,Jared Anderson,Male,46,North,South Deborah,2024-03-24
CUST0496,Jaclyn Tyler,Female,46,East,Walshshire,2023-06-27
CUST0497,Michael Hatfield,Female,55,North,Hoodview,2023-06-27
CUST0498,Robert Welch,Female,50,North,North Stephanie,2024-07-12
CUST0499,Brandon Baker,Female,47,West,Markburgh,2023-06-08
CUST0500,Nancy Hart,Male,21,East,Edwardside,2024-05-02
CUST0501,Jacqueline Crane,Female,22,North,Rebeccafurt,2023-11-20
CUST0502,Kimberly Lee,Female,47,Central,South Jennifer,2023-04-26
CUST0503,Julia Murray,Male,46,Central,Robinsonborough,2024-01-04
CUST0504,Amy Price,Male,38,Central,South Christine,2024-09-21
CUST0505,Nathan Owens,Female,50,South,Thompsonland,2023-02-17
CUST0506,Calvin Garcia,Male,46,North,East Richard,2023-07-23
CUST0507,Jeffrey Robertson,Female,63,North,Jenniferbury,2023-10-22
CUST0508,Betty Lawrence,Male,20,South,Johnathanchester,2023-06-27
CUST0509,Melissa Davis,Female,46,Central,Bryantberg,2023-05-14
CUST0510,Logan Williams,Male,41,East,South Josephfurt,2023-04-03
CUST0511,Stephen Proctor,Female,42,West,Rangelville,2024-11-20
CUST0512,Stephanie Wilkinson,Female,61,Central,West Catherine,2023-05-02
CUST0513,Mario Foster,Male,58,East,South Marie,2023-10-18
CUST0514,Brandi Montoya,Male,39,North,Longberg,2023-03-01
CUST0515,Oscar Jenkins,Female,36,East,Marissahaven,2023-12-23
CUST0516,Paul Reyes,Male,39,North,Lindsayfurt,2023-12-11
CUST0517,Thomas Drake,Male,40,East,Stephanieshire,2024-07-19
CUST0518,Pamela Garcia,Female,26,Central,New Kyleville,2024-08-19
CUST0519,Eric Herrera,Male,37,Central,West Molly,2023-04-08
CUST0520,Amanda Brooks,Female,59,East,North Jason,2024-03-25
CUST0521,Donald Miller,Male,60,Central,South Gregory,2023-01-21
CUST0522,Steven Lopez,Male,59,West,Lisamouth,2024-01-06
CUST0523,Suzanne Watson,Female,19,East,Craigfort,2023-10-20
CUST0524,Michael Stanley,Female,29,South,South Ruben,2023-01-17
CUST0525,Amanda Richards,Female,49,South,Mitchellburgh,2024-04-01
CUST0526,Reginald Scott,Male,26,South,West Dawn,2023-03-04
CUST0527,Martin Tran,Male,36,North,Adkinsville,2024-06-03
CUST0528,Matthew Simmons,Male,60,East,Estradafurt,2024-08-18
CUST0529,Bradley Nichols,Male,56,West,Edwardville,2023-11-29
CUST0530,Jacob Powell,Male,28,South,Lake Lisa,2023-01-30
CUST0531,Jennifer Morris,Male,64,West,Lake Robert,2023-01-01
CUST0532,Michelle Jefferson,Male,44,East,Cindyborough,2024-03-21
CUST0533,Robert Perez,Male,46,Central,Johnsonburgh,2023-06-08
CUST0534,Chad Carroll,Female,65,West,Christianberg,2023-09-20
CUST0535,Teresa Ward,Male,52,South,East Darlenemouth,2024-09-06
CUST0536,Jose Parker,Female,48,South,Maryview,2023-06-29
CUST0537,Jamie Williams,Female,61,Central,Hudsonland,2023-09-07
CUST0538,Angela Lawrence,Female,47,East,Lindaberg,2023-08-12
CUST0539,Rebecca Rivers,Female,50,Central,Alexanderborough,2023-07-15
CUST0540,Steven Ryan,Female,28,South,Port Donnatown,2023-10-18
CUST0541,Luke Kirby,Male,34,North,Jenkinstown,2024-11-06
CUST0542,Travis Wright,Female,41,Central,East Tina,2023-12-29
CUST0543,Shannon Willis,Male,63,Central,Port Thomas,2023-06-22
CUST0544,Kara Anderson,Male,36,North,South Meredith,2024-09-05
CUST0545,Debra Benson,Male,35,West,Coopertown,2023-12-07
CUST0546,Christopher Simmons,Male,45,North,Port Patricia,2023-11-18
CUST0547,Jessica Buchanan,Male,46,East,North Carolville,2023-02-12
CUST0548,Marilyn Moore,Male,44,North,North Kenneth,2024-03-28
CUST0549,Jenna Davis,Female,50,East,East Joshua,2024-04-12
CUST0550,Daniel Thompson,Male,42,North,North Noahberg,2023-07-02
CUST0551,Erika Diaz,Female,32,North,Lake Robert,2023-10-04
CUST0552,Mandy Johnson,Female,24,East,New Thomas,2024-06-30
CUST0553,Cindy Williams,Male,26,North,Jamesview,2023-05-08
CUST0554,Brandi Moore,Female,48,South,Velazquezfort,2023-09-25
CUST0555,Thomas Burns,Female,46,Central,Lloydfurt,2023-01-26
CUST0556,Ryan Simmons,Male,23,North,Ortizbury,2023-12-24
CUST0557,Paul Williams,Female,31,South,West Brianborough,2024-02-23
CUST0558,Dakota Henry,Female,25,East,New Laura,2024-08-28
CUST0559,Erin Diaz,Male,37,North,West Antonio,2024-04-02
CUST0560,Jessica Long,Male,33,West,East Nathan,2023-07-16
CUST0561,Julie Hill,Female,22,North,Jarvisview,2023-12-16
CUST0562,Dana Frank,Female,56,Central,South Melissa,2023-02-09
CUST0563,Cristian Daniel,Male,58,Central,Lake Steven,2024-05-20
CUST0564,Sharon Parker,Male,63,South,Stevenfort,2023-07-21
CUST0565,Jessica Allison,Female,45,North,Smithmouth,2024-04-24
CUST0566,Tyrone Higgins,Female,33,Central,East Amberfurt,2023-04-03
CUST0567,Stephen Rogers,Female,29,North,South Kevin,2024-06-17
CUST0568,Kathleen Dickerson,Female,22,Central,North Donald,2024-08-02
CUST0569,Vanessa Young,Male,42,West,Louisland,2024-02-16
CUST0570,Daniel Rivera,Male,58,West,Matthewburgh,2023-07-17
CUST0571,Jacob Spears,Female,34,North,Brianberg,2023-01-25
CUST0572,Paul Glenn,Female,22,East,Lake Joshualand,2023-11-08
CUST0573,Andrew Mayo,Male,64,North,Port Thomas,2023-03-24
CUST0574,Gabrielle Snyder,Female,26,North,East Melissa,2023-06-04
CUST0575,Calvin Gibson,Female,52,East,Colonview,2023-12-06
CUST0576,Robert Ross,Male,61,West,Williamsbury,2023-12-07
CUST0577,Kristina Mclean,Female,58,South,South Pedrobury,2023-10-26
CUST0578,Tabitha Winters,Male,22,West,Samanthaside,2023-03-14
CUST0579,Alex Hudson,Male,36,South,Allenfort,2023-11-28
CUST0580,Katherine Kelly,Male,30,North,South Maryborough,2024-02-13
CUST0581,Debra Gordon DDS,Female,37,Central,New Stacyside,2024-05-10
CUST0582,Janet Brown,Female,52,West,South Tyler,2023-10-03
CUST0583,Jeffrey Barnett,Female,20,South,Jennifermouth,2023-08-29
CUST0584,Michael Shaw,Female,40,North,Port Christineland,2023-07-02
CUST0585,Jason Perez,Female,35,North,Gonzalezburgh,2023-03-05
CUST0586,Derek Beasley,Female,45,West,Wilkersonhaven,2024-01-23
CUST0587,Cynthia Jackson,Female,42,East,Rachelshire,2023-04-14
CUST0588,Nathaniel Dominguez,Male,49,West,Amandachester,2024-01-05
CUST0589,Kaitlyn Clark,Female,51,East,Jonborough,2024-06-16
CUST0590,Brianna Little,Male,64,West,West Carrieton,2023-03-24
CUST0591,Brittany Obrien,Male,45,Central,Susanmouth,2023-03-23
CUST0592,Jerry Herrera,Male,52,East,Lake Melissa,2024-04-09
CUST0593,Leslie Kim,Female,24,North,Anthonyborough,2024-06-22
CUST0594,Andrea Porter,Female,60,East,Taylorton,2024-05-12
CUST0595,Ashley Macdonald,Female,46,Central,Doyleton,2024-01-17
CUST0596,Bailey Gilbert,Female,28,West,West Crystal,2024-08-16
CUST0597,Renee Lester,Female,46,North,Thomasmouth,2023-02-05
CUST0598,Dr. Katie Johnson,Female,57,West,South Phillipton,2023-11-15
CUST0599,Mr. Mark Choi,Female,58,North,Port Robert,2024-04-09
CUST0600,Emily Stewart,Male,60,West,South Robert,2023-04-22
CUST0601,Joanna Allen,Female,50,South,Griffinland,2023-08-30
CUST0602,Melanie Johnson,Male,27,Central,East Morganhaven,2023-12-05
CUST0603,Madison Moore,Female,20,South,Williamborough,2023-10-26
CUST0604,Lawrence Cox,Male,33,East,Jesuston,2023-05-12
CUST0605,Stacy Lamb,Female,42,Central,Port Vincent,2024-08-06
CUST0606,Juan Conner,Male,56,South,North Annetteport,2023-10-20
CUST0607,Samantha Allen,Female,41,East,North John,2023-06-12
CUST0608,Cassie West,Female,22,Central,West Michael,2023-06-03
CUST0609,Lindsay Fisher,Male,51,East,New Mary,2023-12-12
CUST0610,John Murphy,Female,38,East,Lake Susanland,2023-03-22
CUST0611,John Marsh,Male,25,North,Masonbury,2024-06-18
CUST0612,David Rice,Male,49,Central,Copelandhaven,2024-10-30
CUST0613,Joy Garza,Female,53,North,South Calebside,2024-06-18
CUST0614,Megan Roberts,Female,34,West,Boydshire,2024-05-03
CUST0615,Jacob Andrews,Male,57,East,Port Brandon,2023-01-18
CUST0616,Beth Schultz,Female,30,North,South Ralphchester,2023-11-14
CUST0617,Stephanie Bowers,Male,22,West,North Sarahstad,2024-09-29
CUST0618,Brandon Sharp,Male,63,West,Gonzalezview,2024-02-23
CUST0619,Brenda Robinson,Male,61,East,East Sara,2023-12-27
CUST0620,Robert Mclaughlin,Female,63,North,Campbellmouth,2024-10-27
CUST0621,Deborah Johnson,Female,37,South,North Seanside,2023-01-30
CUST0622,Richard Patel,Male,41,Central,New Amanda,2023-09-25
CUST0623,Jennifer Garcia,Male,25,South,East Paul,2024-03-29
CUST0624,Nicole Goodwin,Male,33,West,Allenstad,2024-02-12
CUST0625,David Knight,Male,41,Central,North Morgan,2024-09-28
CUST0626,Shelby Soto,Female,47,Central,Port Grant,2024-10-01
CUST0627,Gwendolyn Cook,Male,57,North,Wandaview,2024-03-13
CUST0628,Jason Clayton,Male,37,West,South Carlashire,2023-02-05
CUST0629,Dr. Christopher Johnson,Female,51,West,North Veronicachester,2024-04-06
CUST0630,Christine Barnes,Female,54,North,North Monicaville,2024-07-29
CUST0631,Mario Cox,Male,38,North,Lake Scotthaven,2024-08-02
CUST0632,Suzanne Little,Female,47,Central,South Jared,2023-03-27
CUST0633,Lucas Kline,Female,26,Central,Garyport,2023-02-27
CUST0634,Casey Castro,Male,26,West,East Bailey,2024-06-27
CUST0635,Bryan Perez,Male,25,Central,Steinhaven,2023-10-25
CUST0636,Ian Murphy,Male,37,South,Carsonfort,2024-07-12
CUST0637,William Ward,Male,38,South,Alexaview,2023-04-27
CUST0638,Brandy Smith,Female,51,East,North Oscarbury,2024-04-12
CUST0639,Heather Short,Male,34,South,Williamsport,2023-01-24
CUST0640,Justin Williams,Female,26,East,Port Rubenfurt,2023-03-29
CUST0641,Andre Olsen,Male,50,South,Jessemouth,2024-06-16
CUST0642,Paul Ward,Male,28,Central,Pamfurt,2023-12-13
CUST0643,Carol Cox,Female,54,North,East Travis,2023-07-09
CUST0644,Alexander Randall,Male,23,North,Port Ebonytown,2024-06-03
CUST0645,Faith Kelly,Female,59,South,Ritastad,2024-11-17
CUST0646,Samantha Irwin,Female,57,North,North Christopherfort,2024-07-20
CUST0647,Valerie Williams,Female,58,Central,Fryfort,2024-03-26
CUST0648,James Pierce,Female,59,East,Billside,2023-04-04
CUST0649,Jennifer Sanchez,Female,33,West,North Trevor,2023-06-21
CUST0650,Ryan Lawson,Female,47,North,West Michaelport,2023-06-04
CUST0651,Latasha Henderson,Male,28,West,Lake Sheenaberg,2024-04-04
CUST0652,Stephanie Spencer,Female,48,West,East David,2023-03-25
CUST0653,Sara Wright,Male,39,Central,Jeffreyside,2023-01-07
CUST0654,Jessica Pruitt,Male,38,East,West Nancy,2023-10-27
CUST0655,Nathan Chapman,Female,43,South,South Lucas,2023-06-01
CUST0656,Kelly Nguyen,Female,50,Central,Miguelmouth,2024-01-30
CUST0657,Heather Miller,Male,38,South,Wrightfurt,2023-09-15
CUST0658,Lauren Davis,Female,25,East,Juliehaven,2023-06-19
CUST0659,Joshua Riley,Female,33,South,Riveraton,2023-08-07
CUST0660,Bobby Mcknight,Male,21,East,East Jacob,2023-08-09
CUST0661,Kaitlyn Smith,Female,57,West,East Bryanhaven,2023-12-25
CUST0662,Brian Hicks,Male,28,East,Port Sandyhaven,2023-04-11
CUST0663,Matthew Price,Female,30,South,Charleneport,2024-02-24
CUST0664,Patrick Williams,Female,50,West,New Carolynstad,2023-09-28
CUST0665,Gary Smith,Female,37,West,Sandrabury,2024-10-17
CUST0666,Lauren Chavez,Male,23,West,Joshuaport,2024-11-20
CUST0667,Anna Brown,Female,33,South,Markland,2023-09-27
CUST0668,Eric Sanchez,Female,21,North,Victorstad,2024-11-23
CUST0669,Peter Kirk,Female,49,Central,Antonioside,2023-08-04
CUST0670,Kevin Martin,Female,36,Central,Rowestad,2023-09-12
CUST0671,Rachel Richards,Male,24,West,Port Adrian,2024-01-04
CUST0672,Robert Torres,Male,34,East,East Cory,2023-04-30
CUST0673,Tara Newman,Female,41,North,Morganburgh,2024-07-26
CUST0674,Edward Price,Female,21,Central,Gomezchester,2023-08-23
CUST0675,Diana Garcia,Male,41,Central,Port Sophiafurt,2023-09-18
CUST0676,Jeffrey Franklin,Female,22,West,New Michaelview,2024-02-25
CUST0677,Barbara Herrera,Female,53,East,South Angela,2023-08-29
CUST0678,Vincent Fleming,Male,26,North,North Rebecca,2023-11-13
CUST0679,Chad Hale,Female,41,East,New Thomas,2023-04-07
CUST0680,Adrian Hopkins,Female,27,South,North Julia,2023-06-06
CUST0681,Emily Washington,Female,50,North,Prattmouth,2024-08-08
CUST0682,Jamie Boyd,Male,20,South,Schultzport,2024-08-09
CUST0683,Dalton Stevens,Female,48,Central,Velazquezmouth,2024-01-29
CUST0684,Mrs. Cheryl George,Female,27,Central,East Jill,2023-04-23
CUST0685,Mia Robinson,Male,38,Central,East Keith,2023-08-31
CUST0686,Christopher Burke,Female,28,West,South Melissa,2023-01-15
CUST0687,Michael Lopez,Female,55,East,Greenemouth,2023-11-26
CUST0688,Amy Parker,Female,63,Central,Port Gary,2023-10-23
CUST0689,Jason Lowery,Female,48,North,Lake Laurie,2024-02-22
CUST0690,Ashley Smith,Female,39,North,Williamsbury,2024-07-15
CUST0691,Abigail Bray DDS,Female,55,East,Anthonyfurt,2023-08-16
CUST0692,Alejandra Williams,Male,56,West,North Tashafort,2024-08-02
CUST0693,Lindsay Thompson,Female,59,Central,South Christopher,2024-06-15
CUST0694,Paul Sims,Male,64,North,Jacobhaven,2024-09-30
CUST0695,Jessica Palmer,Female,28,Central,Jerryberg,2023-06-09
CUST0696,George Dorsey,Female,27,South,Sarahmouth,2024-08-16
CUST0697,Melvin Pacheco,Male,54,North,North Jeffrey,2023-10-14
CUST0698,Raven Aguilar,Male,19,West,South Mark,2023-09-09
CUST0699,Wendy Richardson,Female,44,South,West Pamela,2023-10-19
CUST0700,Cheyenne Garza,Female,62,South,New Marymouth,2024-06-28
CUST0701,Kristin Evans,Female,50,Central,Port Thomas,2024-08-11
CUST0702,Eric Brown,Female,65,North,Samuelmouth,2023-06-10
CUST0703,Elizabeth Villegas,Male,51,South,Normabury,2023-07-01
CUST0704,Alyssa Thompson,Female,60,West,East Michael,2024-06-06
CUST0705,Jill Shaw,Female,38,South,Jensenville,2023-07-22
CUST0706,Nicholas Walton,Female,52,East,Andrewfurt,2024-01-26
CUST0707,Julie Miller,Female,61,East,South Kevin,2024-08-25
CUST0708,Heather Kelly,Female,30,South,North Michellestad,2023-03-08
CUST0709,Phillip Mckinney,Female,53,East,Ronaldchester,2024-01-11
CUST0710,David Klein,Male,37,East,Port John,2023-02-07
CUST0711,Stephen Mitchell,Male,62,West,Patriciaport,2023-10-13
CUST0712,Jacob Anderson,Female,48,East,Herringbury,2024-05-02
CUST0713,Carrie Clark,Female,36,North,Nelsonchester,2023-12-30
CUST0714,Joshua Mcfarland,Female,43,East,Lake Kathleen,2023-07-07
CUST0715,Lisa Marquez,Male,36,North,Angelburgh,2023-12-25
CUST0716,Holly Hood,Female,63,North,Carterburgh,2023-04-25
CUST0717,Tyler Jones,Female,46,East,Martineztown,2023-12-20
CUST0718,Steven Miller,Female,31,South,Riverabury,2023-07-25
CUST0719,Justin Park,Female,53,East,Freemanchester,2023-01-30
CUST0720,Christine Mckinney,Male,24,Central,South Jerry,2024-08-07
CUST0721,Margaret Carr,Male,33,North,Thomasmouth,2023-06-11
CUST0722,Laurie Francis,Male,58,South,Joycetown,2023-09-04
CUST0723,Beverly Salazar PhD,Male,24,West,Shannonhaven,2024-01-28
CUST0724,Bobby Smith,Female,63,West,Maynardtown,2023-10-24
CUST0725,Lindsey Avila,Male,61,South,Priceport,2023-07-03
CUST0726,Jason Morris,Male,53,South,Tonyaberg,2023-11-12
CUST0727,James Guzman,Female,59,West,Michaelchester,2023-10-01
CUST0728,Ann Cooper,Female,59,South,Christineshire,2024-02-15
CUST0729,Jeremiah Lee,Female,38,East,Meadowsstad,2024-09-20
CUST0730,Meredith Hart,Male,23,Central,Victoriamouth,2024-07-16
CUST0731,Ethan Garcia,Male,52,North,Markport,2024-02-17
CUST0732,Kelly Walker,Male,44,South,Watsonland,2023-08-11
CUST0733,Timothy Munoz,Male,43,West,Port Edwin,2024-06-25
CUST0734,Chad Bell,Male,65,East,North Jefferychester,2024-06-02
CUST0735,Matthew Beck,Male,18,East,North Williamhaven,2023-02-01
CUST0736,Christy Mitchell,Male,39,East,New Amy,2023-02-10
CUST0737,Paul Allen,Female,59,Central,Hunterland,2024-07-04
CUST0738,Mr. Jeffrey Hobbs,Female,26,Central,Diamondton,2023-02-05
CUST0739,Kathryn Wood DVM,Female,35,South,Lake Karen,2024-10-02
CUST0740,Kristin Wilson,Male,39,South,West Jaredstad,2024-10-08
CUST0741,Dana Burns,Female,59,East,Nathanielshire,2024-05-04
CUST0742,Juan Schwartz,Male,18,East,Lake Holly,2024-04-11
CUST0743,Cynthia Jones,Female,54,South,North Christophermouth,2024-05-12
CUST0744,Robin Garrison,Male,57,West,West Joanna,2024-10-18
CUST0745,Cynthia Smith,Female,50,East,Sarahshire,2024-01-14
CUST0746,Laurie Ramirez,Male,43,North,Port Kimberlytown,2024-01-31
CUST0747,Ms. Amy Williams,Male,26,West,Port Lisaville,2023-01-04
CUST0748,Dawn Galvan,Female,33,North,Hoopermouth,2024-02-20
CUST0749,Brooke Johnson,Female,42,South,Greenview,2023-01-10
CUST0750,Julia Olson,Female,35,East,East Danaville,2024-06-18
CUST0751,John Hurley DVM,Female,55,Central,Kimberlymouth,2024-06-08
CUST0752,Michael Thompson,Male,34,East,Vegamouth,2023-09-11
CUST0753,Jose Malone,Male,21,North,Williamsonmouth,2023-09-22
CUST0754,Jacob Gonzalez,Female,37,South,Port Kenneth,2024-01-18
CUST0755,Matthew Atkins,Female,61,Central,East Garystad,2024-08-31
CUST0756,Willie Burch,Female,62,North,Port Christinestad,2024-11-29
CUST0757,Bryan Moran,Female,41,Central,Pereztown,2023-05-29
CUST0758,Julie Schultz,Male,32,South,Pamelashire,2024-05-04
CUST0759,Vincent Valenzuela,Female,27,West,Monicaview,2024-10-30
CUST0760,Melissa Farley,Female,44,Central,Williamland,2023-07-12
CUST0761,Ray Barrett,Female,52,South,New Angelamouth,2023-11-11
CUST0762,Tina Ford,Male,61,Central,Dannyton,2024-11-22
CUST0763,Brian Carlson,Male,51,West,Rangeltown,2024-05-28
CUST0764,Mary Maddox,Female,22,Central,Juanberg,2023-08-29
CUST0765,Harry Gomez,Male,21,Central,Sarahville,2023-10-16
CUST0766,Kathryn Huber,Male,54,Central,South Danatown,2023-07-18
CUST0767,Matthew Carlson,Male,28,East,Williamstad,2023-02-07
CUST0768,Debbie Snyder,Female,25,South,Port Maureenton,2023-07-11
CUST0769,Jacqueline Lambert,Female,23,Central,Port Vincent,2023-11-30
CUST0770,Darryl Curry,Female,21,West,Evanburgh,2023-01-11
CUST0771,Francisco Lewis,Male,50,West,Huertatown,2024-02-24
CUST0772,Bradley Davis,Female,54,North,Bankston,2024-03-17
CUST0773,Kimberly Thomas,Female,61,East,Jonesport,2024-11-11
CUST0774,Sarah Murphy,Male,43,East,Susanfurt,2024-09-04
CUST0775,Jill Pugh,Male,65,South,Port Jacobport,2024-05-21
CUST0776,Pamela Moreno,Male,20,West,Shermantown,2024-02-02
CUST0777,Hannah Jones,Female,62,North,South Matthewmouth,2024-08-10
CUST0778,Amy Mercado,Male,22,West,Lopezshire,2023-04-07
CUST0779,Alexander Johnston,Male,36,West,Reneemouth,2024-11-15
CUST0780,Michael Hansen,Male,26,West,South Sarah,2023-05-06
CUST0781,Jason Wright,Female,42,West,New Denise,2024-08-28
CUST0782,Andrea Bowman,Female,42,North,Port Kaitlyn,2023-04-19
CUST0783,Ian Murphy,Male,59,East,Edwardland,2023-07-22
CUST0784,Brian Edwards,Male,29,Central,South Melindaborough,2024-07-20
CUST0785,Vanessa Harris,Female,51,South,Lake Gabriellafort,2023-08-23
CUST0786,Christina Price DDS,Male,18,North,South Natashashire,2024-04-06
CUST0787,Christopher Stewart,Female,47,Central,Brendantown,2023-12-08
CUST0788,Christie French,Female,52,West,Woodtown,2023-12-11
CUST0789,Steve Hopkins,Male,33,West,Katelynhaven,2024-05-26
CUST0790,Frederick Jenkins,Female,27,East,Port Herbertport,2023-06-23
CUST0791,Candice Berry,Male,64,North,Lake Gabriela,2024-10-11
CUST0792,Amber Reid,Male,60,West,Evanshaven,2023-06-22
CUST0793,Sarah Jones,Male,33,South,North Donna,2024-08-23
CUST0794,Eric Wilson,Male,24,Central,New Elizabethhaven,2024-09-11
CUST0795,Bradley Williams,Male,46,Central,Mackstad,2023-10-20
CUST0796,Spencer Sullivan,Male,33,North,Ramirezchester,2024-07-05
CUST0797,Bryan Watkins,Female,46,South,Elizabethville,2024-09-23
CUST0798,Richard Wallace,Male,21,South,Lake Mary,2023-12-17
CUST0799,Roger Oconnor,Female,32,Central,Coreyland,2024-11-01
CUST0800,Leslie Hernandez,Female,54,Central,New Sheliaton,2024-03-23
